{"cameraMode":{"drawMode":0,"name":"Shaded","section":"Shading Mode"},"sceneLighting":false,"audioPlay":false,"sceneViewState":{"showFog":true,"showMaterialUpdate":true,"showSkybox":false,"showFlares":true,"showImageEffects":true,"showParticleSystems":true},"in2DMode":false,"pivot":{"x":25.244220733642579,"y":21.46526527404785,"z":-43.980560302734378},"rotation":{"x":0.30583396553993227,"y":0.004271756391972303,"z":-0.0014012728352099658,"w":0.95210200548172},"size":21.814624786376954,"orthographic":false}