{"cameraMode":{"drawMode":0,"name":"Shaded","section":"Shading Mode"},"sceneLighting":true,"audioPlay":false,"sceneViewState":{"showFog":true,"showMaterialUpdate":true,"showSkybox":false,"showFlares":true,"showImageEffects":true,"showParticleSystems":true},"in2DMode":false,"pivot":{"x":16.133289337158204,"y":2.459695816040039,"z":234.2534942626953},"rotation":{"x":-0.30965670943260195,"y":0.2814489006996155,"z":-0.09649061411619187,"w":-0.9031216502189636},"size":42.92539596557617,"orthographic":false}