{"cameraMode":{"drawMode":0,"name":"Shaded","section":"Shading Mode"},"sceneLighting":false,"audioPlay":false,"sceneViewState":{"showFog":true,"showMaterialUpdate":true,"showSkybox":false,"showFlares":true,"showImageEffects":true,"showParticleSystems":true},"in2DMode":false,"pivot":{"x":0.11419320106506348,"y":2.668849468231201,"z":-0.10836172103881836},"rotation":{"x":0.025710908696055414,"y":0.970127522945404,"z":-0.11876137554645539,"w":0.21012863516807557},"size":3.509079933166504,"orthographic":false}