{"cameraMode":{"drawMode":0,"name":"Shaded","section":"Shading Mode"},"sceneLighting":false,"audioPlay":false,"sceneViewState":{"showFog":true,"showMaterialUpdate":true,"showSkybox":false,"showFlares":true,"showImageEffects":true,"showParticleSystems":true},"in2DMode":false,"pivot":{"x":-7.679410934448242,"y":12.221892356872559,"z":10.425840377807618},"rotation":{"x":0.18430264294147492,"y":-0.7412464618682861,"z":0.22587482631206513,"w":0.6046841144561768},"size":12.166290283203125,"orthographic":false}