{"cameraMode":{"drawMode":0,"name":"Shaded","section":"Shading Mode"},"sceneLighting":true,"audioPlay":false,"sceneViewState":{"showFog":true,"showMaterialUpdate":true,"showSkybox":true,"showFlares":true,"showImageEffects":true,"showParticleSystems":true},"in2DMode":false,"pivot":{"x":13.955326080322266,"y":13.15530776977539,"z":-46.07341003417969},"rotation":{"x":0.09062161296606064,"y":0.8624716997146606,"z":-0.16660700738430024,"w":0.46927520632743838},"size":11.323785781860352,"orthographic":false}