{"cameraMode":{"drawMode":0,"name":"Shaded","section":"Shading Mode"},"sceneLighting":false,"audioPlay":false,"sceneViewState":{"showFog":true,"showMaterialUpdate":true,"showSkybox":false,"showFlares":true,"showImageEffects":true,"showParticleSystems":true},"in2DMode":false,"pivot":{"x":15.251993179321289,"y":4.447004795074463,"z":0.4261126220226288},"rotation":{"x":0.07200893759727478,"y":0.7152490019798279,"z":-0.07452141493558884,"w":0.691203773021698},"size":17.887176513671876,"orthographic":false}