{"cameraMode":{"drawMode":0,"name":"Shaded","section":"Shading Mode"},"sceneLighting":false,"audioPlay":false,"sceneViewState":{"showFog":true,"showMaterialUpdate":true,"showSkybox":false,"showFlares":true,"showImageEffects":true,"showParticleSystems":true},"in2DMode":false,"pivot":{"x":-0.7085142135620117,"y":0.8223883509635925,"z":1.1770530939102173},"rotation":{"x":0.03409500792622566,"y":-0.9564709067344666,"z":0.2619377076625824,"w":0.1243450790643692},"size":0.6205068826675415,"orthographic":false}