{"cameraMode":{"drawMode":0,"name":"Shaded","section":"Shading Mode"},"sceneLighting":true,"audioPlay":false,"sceneViewState":{"showFog":true,"showMaterialUpdate":true,"showSkybox":true,"showFlares":true,"showImageEffects":true,"showParticleSystems":true},"in2DMode":false,"pivot":{"x":-62.90315246582031,"y":-52.7037353515625,"z":118.86204528808594},"rotation":{"x":-0.2424306571483612,"y":0.4497048854827881,"z":-0.12823033332824708,"w":-0.8500505089759827},"size":269.9125671386719,"orthographic":false}