{"cameraMode":{"drawMode":0,"name":"Shaded","section":"Shading Mode"},"sceneLighting":true,"audioPlay":false,"sceneViewState":{"showFog":true,"showMaterialUpdate":true,"showSkybox":true,"showFlares":true,"showImageEffects":true,"showParticleSystems":true},"in2DMode":false,"pivot":{"x":29.818689346313478,"y":25.953540802001954,"z":-75.98269653320313},"rotation":{"x":-0.30769822001457217,"y":0.24653178453445435,"z":-0.0828833356499672,"w":-0.9152820706367493},"size":11.314521789550782,"orthographic":false}