{"cameraMode":{"drawMode":0,"name":"Shaded","section":"Shading Mode"},"sceneLighting":false,"audioPlay":false,"sceneViewState":{"showFog":true,"showMaterialUpdate":true,"showSkybox":false,"showFlares":true,"showImageEffects":true,"showParticleSystems":true},"in2DMode":false,"pivot":{"x":0.000005245208740234375,"y":5.4804487228393559,"z":2.2822117805480959},"rotation":{"x":-0.06732338666915894,"y":0.9311313629150391,"z":-0.22372455894947053,"w":-0.2800864577293396},"size":11.38167667388916,"orthographic":false}