{"cameraMode":{"drawMode":0,"name":"Shaded","section":"Shading Mode"},"sceneLighting":false,"audioPlay":false,"sceneViewState":{"showFog":true,"showMaterialUpdate":true,"showSkybox":false,"showFlares":true,"showImageEffects":true,"showParticleSystems":true},"in2DMode":false,"pivot":{"x":48.90878677368164,"y":-20.991790771484376,"z":-29.610733032226564},"rotation":{"x":-0.3887422978878021,"y":0.014376425184309483,"z":-0.006049633491784334,"w":-0.921234130859375},"size":75.60474395751953,"orthographic":false}