{"cameraMode":{"drawMode":0,"name":"Shaded","section":"Shading Mode"},"sceneLighting":false,"audioPlay":false,"sceneViewState":{"showFog":true,"showMaterialUpdate":true,"showSkybox":false,"showFlares":true,"showImageEffects":true,"showParticleSystems":true},"in2DMode":false,"pivot":{"x":47.208744049072269,"y":56.29002380371094,"z":-44.062599182128909},"rotation":{"x":0.06247466057538986,"y":-0.9174307584762573,"z":-0.15955309569835664,"w":-0.35923856496810915},"size":41.13605499267578,"orthographic":false}