{"cameraMode":{"drawMode":0,"name":"Shaded","section":"Shading Mode"},"sceneLighting":false,"audioPlay":false,"sceneViewState":{"showFog":true,"showMaterialUpdate":true,"showSkybox":false,"showFlares":true,"showImageEffects":true,"showParticleSystems":true},"in2DMode":false,"pivot":{"x":3.463587760925293,"y":-0.6807509660720825,"z":18.63444709777832},"rotation":{"x":0.26953455805778506,"y":0.051958657801151279,"z":-0.014594268053770066,"w":0.9615151882171631},"size":17.7397403717041,"orthographic":false}