{"cameraMode":{"drawMode":0,"name":"Shaded","section":"Shading Mode"},"sceneLighting":false,"audioPlay":false,"sceneViewState":{"showFog":true,"showMaterialUpdate":true,"showSkybox":false,"showFlares":true,"showImageEffects":true,"showParticleSystems":true},"in2DMode":false,"pivot":{"x":68.11013793945313,"y":-594.2943115234375,"z":504.07867431640627},"rotation":{"x":0.21413278579711915,"y":0.6902191042900086,"z":-0.22629466652870179,"w":0.6531535983085632},"size":10.0,"orthographic":false}