{"cameraMode":{"drawMode":0,"name":"Shaded","section":"Shading Mode"},"sceneLighting":false,"audioPlay":false,"sceneViewState":{"showFog":true,"showMaterialUpdate":true,"showSkybox":false,"showFlares":true,"showImageEffects":true,"showParticleSystems":true},"in2DMode":false,"pivot":{"x":3.3949782848358156,"y":2.9602103233337404,"z":-29.60833740234375},"rotation":{"x":0.00632744375616312,"y":0.9936560988426209,"z":-0.08247454464435578,"w":0.0764658972620964},"size":19.437442779541017,"orthographic":false}