{"cameraMode":{"drawMode":0,"name":"Shaded","section":"Shading Mode"},"sceneLighting":false,"audioPlay":false,"sceneViewState":{"showFog":true,"showMaterialUpdate":true,"showSkybox":false,"showFlares":true,"showImageEffects":true,"showParticleSystems":true},"in2DMode":false,"pivot":{"x":23.64249038696289,"y":23.21021270751953,"z":-50.792415618896487},"rotation":{"x":-0.04906587302684784,"y":-0.0658898800611496,"z":-0.0032394323498010637,"w":0.9966595768928528},"size":19.642044067382814,"orthographic":false}