{"cameraMode":{"drawMode":0,"name":"Shaded","section":"Shading Mode"},"sceneLighting":false,"audioPlay":false,"sceneViewState":{"showFog":true,"showMaterialUpdate":true,"showSkybox":false,"showFlares":true,"showImageEffects":true,"showParticleSystems":true},"in2DMode":false,"pivot":{"x":-2.730910539627075,"y":4.5607075691223148,"z":-1.837489366531372},"rotation":{"x":-0.002599818632006645,"y":0.9969286918640137,"z":-0.06920630484819412,"w":-0.03709986060857773},"size":9.219396591186524,"orthographic":false}