{"cameraMode":{"drawMode":0,"name":"Shaded","section":"Shading Mode"},"sceneLighting":false,"audioPlay":false,"sceneViewState":{"showFog":true,"showMaterialUpdate":true,"showSkybox":false,"showFlares":true,"showImageEffects":true,"showParticleSystems":true},"in2DMode":false,"pivot":{"x":25.54111099243164,"y":23.088455200195314,"z":-51.80168151855469},"rotation":{"x":0.2275640219449997,"y":0.11796499788761139,"z":-0.02781583182513714,"w":0.9662175178527832},"size":19.512115478515626,"orthographic":false}