{"cameraMode":{"drawMode":0,"name":"Shaded","section":"Shading Mode"},"sceneLighting":true,"audioPlay":false,"sceneViewState":{"showFog":true,"showMaterialUpdate":true,"showSkybox":true,"showFlares":true,"showImageEffects":true,"showParticleSystems":true},"in2DMode":false,"pivot":{"x":118.24259948730469,"y":-1.195444941520691,"z":49.12786865234375},"rotation":{"x":0.023533618077635766,"y":-0.8536263704299927,"z":0.03870290890336037,"w":0.519002377986908},"size":9.650330543518067,"orthographic":false}