{"cameraMode":{"drawMode":0,"name":"Shaded","section":"Shading Mode"},"sceneLighting":false,"audioPlay":false,"sceneViewState":{"showFog":true,"showMaterialUpdate":true,"showSkybox":false,"showFlares":true,"showImageEffects":true,"showParticleSystems":true},"in2DMode":false,"pivot":{"x":-7.250419616699219,"y":-0.11723041534423828,"z":-3.2280349731445314},"rotation":{"x":-0.10440162569284439,"y":0.8630800843238831,"z":-0.19916997849941255,"w":-0.45228710770606997},"size":11.38167667388916,"orthographic":false}