{"cameraMode":{"drawMode":0,"name":"Shaded","section":"Shading Mode"},"sceneLighting":false,"audioPlay":false,"sceneViewState":{"showFog":true,"showMaterialUpdate":true,"showSkybox":false,"showFlares":true,"showImageEffects":true,"showParticleSystems":true},"in2DMode":false,"pivot":{"x":59.82944107055664,"y":38.10149002075195,"z":-55.23393630981445},"rotation":{"x":0.2275640219449997,"y":0.11796499788761139,"z":-0.02781583182513714,"w":0.9662175178527832},"size":3.020761489868164,"orthographic":false}