{"cameraMode":{"drawMode":0,"name":"Shaded","section":"Shading Mode"},"sceneLighting":true,"audioPlay":false,"sceneViewState":{"showFog":true,"showMaterialUpdate":true,"showSkybox":true,"showFlares":true,"showImageEffects":true,"showParticleSystems":true},"in2DMode":false,"pivot":{"x":11.656002044677735,"y":6.084760665893555,"z":-12.40683364868164},"rotation":{"x":0.13851052522659303,"y":0.7979036569595337,"z":-0.20032241940498353,"w":0.551514208316803},"size":22.824588775634767,"orthographic":false}