{"cameraMode":{"drawMode":0,"name":"Shaded","section":"Shading Mode"},"sceneLighting":true,"audioPlay":false,"sceneViewState":{"showFog":true,"showMaterialUpdate":true,"showSkybox":true,"showFlares":true,"showImageEffects":true,"showParticleSystems":true},"in2DMode":false,"pivot":{"x":34.58806610107422,"y":13.617515563964844,"z":-13.148588180541993},"rotation":{"x":0.12101739645004273,"y":-0.5476218461990356,"z":0.08041910827159882,"w":0.8240770697593689},"size":140.17588806152345,"orthographic":false}