{"cameraMode":{"drawMode":0,"name":"Shaded","section":"Shading Mode"},"sceneLighting":false,"audioPlay":false,"sceneViewState":{"showFog":true,"showMaterialUpdate":true,"showSkybox":false,"showFlares":true,"showImageEffects":true,"showParticleSystems":true},"in2DMode":false,"pivot":{"x":-0.33431383967399599,"y":2.8814985752105715,"z":-0.2775992751121521},"rotation":{"x":0.19565396010875703,"y":0.692721962928772,"z":-0.20433299243450166,"w":0.6634392738342285},"size":9.97252368927002,"orthographic":false}