{"cameraMode":{"drawMode":0,"name":"Shaded","section":"Shading Mode"},"sceneLighting":true,"audioPlay":false,"sceneViewState":{"showFog":true,"showMaterialUpdate":true,"showSkybox":true,"showFlares":true,"showImageEffects":true,"showParticleSystems":true},"in2DMode":false,"pivot":{"x":24.609554290771486,"y":11.51179313659668,"z":-51.06535339355469},"rotation":{"x":0.2275640219449997,"y":0.11796499788761139,"z":-0.02781583182513714,"w":0.9662175178527832},"size":18.265426635742189,"orthographic":false}