{"cameraMode":{"drawMode":0,"name":"Shaded","section":"Shading Mode"},"sceneLighting":false,"audioPlay":false,"sceneViewState":{"showFog":true,"showMaterialUpdate":true,"showSkybox":false,"showFlares":true,"showImageEffects":true,"showParticleSystems":true},"in2DMode":false,"pivot":{"x":0.28688931465148928,"y":0.8542059659957886,"z":-0.2431257665157318},"rotation":{"x":0.00429372675716877,"y":-0.9790980815887451,"z":0.20255620777606965,"w":0.020851098001003267},"size":1.3618758916854859,"orthographic":false}