{"cameraMode":{"drawMode":0,"name":"Shaded","section":"Shading Mode"},"sceneLighting":false,"audioPlay":false,"sceneViewState":{"showFog":true,"showMaterialUpdate":true,"showSkybox":false,"showFlares":true,"showImageEffects":true,"showParticleSystems":true},"in2DMode":false,"pivot":{"x":3.0953264236450197,"y":-1.7941148281097413,"z":-2.097940444946289},"rotation":{"x":-0.10996751487255097,"y":-0.8251031637191773,"z":0.17225976288318635,"w":-0.5267987251281738},"size":3.724263906478882,"orthographic":false}