{"cameraMode":{"drawMode":0,"name":"Shaded","section":"Shading Mode"},"sceneLighting":false,"audioPlay":false,"sceneViewState":{"showFog":true,"showMaterialUpdate":true,"showSkybox":false,"showFlares":true,"showImageEffects":true,"showParticleSystems":true},"in2DMode":false,"pivot":{"x":3.299567222595215,"y":4.507612228393555,"z":3.0989208221435549},"rotation":{"x":-0.07746440172195435,"y":0.7211343050003052,"z":-0.08168057352304459,"w":-0.6836155652999878},"size":5.948394298553467,"orthographic":false}