{"cameraMode":{"drawMode":0,"name":"Shaded","section":"Shading Mode"},"sceneLighting":true,"audioPlay":false,"sceneViewState":{"showFog":true,"showMaterialUpdate":true,"showSkybox":false,"showFlares":true,"showImageEffects":true,"showParticleSystems":true},"in2DMode":false,"pivot":{"x":23.012725830078126,"y":20.739990234375,"z":91.01774597167969},"rotation":{"x":-0.2424306571483612,"y":0.4497048854827881,"z":-0.12823033332824708,"w":-0.8500505089759827},"size":719.593017578125,"orthographic":false}