{"cameraMode":{"drawMode":0,"name":"Shaded","section":"Shading Mode"},"sceneLighting":false,"audioPlay":false,"sceneViewState":{"showFog":true,"showMaterialUpdate":true,"showSkybox":false,"showFlares":true,"showImageEffects":true,"showParticleSystems":true},"in2DMode":false,"pivot":{"x":29.58141326904297,"y":11.14664363861084,"z":-44.69419479370117},"rotation":{"x":-0.03766254708170891,"y":-0.9426601529121399,"z":0.11396317183971405,"w":-0.31157055497169497},"size":41.13605499267578,"orthographic":false}