{"cameraMode":{"drawMode":0,"name":"Shaded","section":"Shading Mode"},"sceneLighting":false,"audioPlay":false,"sceneViewState":{"showFog":true,"showMaterialUpdate":true,"showSkybox":false,"showFlares":true,"showImageEffects":true,"showParticleSystems":true},"in2DMode":false,"pivot":{"x":-0.5202281475067139,"y":2.2645885944366457,"z":-0.20410442352294923},"rotation":{"x":0.025528697296977044,"y":0.9704408645629883,"z":-0.208680659532547,"w":0.11879347264766693},"size":1.7090802192687989,"orthographic":false}