{"cameraMode":{"drawMode":0,"name":"Shaded","section":"Shading Mode"},"sceneLighting":false,"audioPlay":false,"sceneViewState":{"showFog":true,"showMaterialUpdate":true,"showSkybox":false,"showFlares":true,"showImageEffects":true,"showParticleSystems":true},"in2DMode":false,"pivot":{"x":8.589488983154297,"y":0.3254561424255371,"z":-11.530017852783204},"rotation":{"x":0.014813228510320187,"y":0.9473360776901245,"z":-0.04438687860965729,"w":0.31688734889030459},"size":27.92547607421875,"orthographic":false}