{"cameraMode":{"drawMode":0,"name":"Shaded","section":"Shading Mode"},"sceneLighting":false,"audioPlay":false,"sceneViewState":{"showFog":true,"showMaterialUpdate":true,"showSkybox":false,"showFlares":true,"showImageEffects":true,"showParticleSystems":true},"in2DMode":false,"pivot":{"x":0.3082895278930664,"y":4.9744873046875,"z":-0.5172779560089111},"rotation":{"x":-0.27481091022491457,"y":0.6842052340507507,"z":-0.3144519329071045,"w":-0.5979104042053223},"size":10.866703033447266,"orthographic":false}