{"cameraMode":{"drawMode":0,"name":"Shaded","section":"Shading Mode"},"sceneLighting":true,"audioPlay":false,"sceneViewState":{"showFog":true,"showMaterialUpdate":true,"showSkybox":false,"showFlares":true,"showImageEffects":true,"showParticleSystems":true},"in2DMode":false,"pivot":{"x":29.671096801757814,"y":83.43096923828125,"z":71.8173828125},"rotation":{"x":-0.33141547441482546,"y":-0.007923062890768052,"z":0.0027969249058514835,"w":-0.943467915058136},"size":43.380332946777347,"orthographic":false}