{"cameraMode":{"drawMode":0,"name":"Shaded","section":"Shading Mode"},"sceneLighting":false,"audioPlay":false,"sceneViewState":{"showFog":true,"showMaterialUpdate":true,"showSkybox":false,"showFlares":true,"showImageEffects":true,"showParticleSystems":true},"in2DMode":false,"pivot":{"x":-0.26190975308418276,"y":-0.13500821590423585,"z":-1.2646145820617676},"rotation":{"x":-0.005476018879562616,"y":-0.968507707118988,"z":0.24813726544380189,"w":-0.021523475646972657},"size":1.5286672115325928,"orthographic":false}