{"cameraMode":{"drawMode":0,"name":"Shaded","section":"Shading Mode"},"sceneLighting":false,"audioPlay":false,"sceneViewState":{"showFog":true,"showMaterialUpdate":true,"showSkybox":false,"showFlares":true,"showImageEffects":true,"showParticleSystems":true},"in2DMode":false,"pivot":{"x":2.7430379390716554,"y":4.7903523445129398,"z":-0.9016046524047852},"rotation":{"x":-0.0109483040869236,"y":-0.9859001636505127,"z":0.06466668844223023,"w":-0.15408216416835786},"size":5.948394298553467,"orthographic":false}