{"cameraMode":{"drawMode":0,"name":"Shaded","section":"Shading Mode"},"sceneLighting":false,"audioPlay":false,"sceneViewState":{"showFog":true,"showMaterialUpdate":true,"showSkybox":false,"showFlares":true,"showImageEffects":true,"showParticleSystems":true},"in2DMode":false,"pivot":{"x":0.000005245208740234375,"y":4.170192718505859,"z":-5.211816310882568},"rotation":{"x":-0.06732338666915894,"y":0.9311313629150391,"z":-0.22372455894947053,"w":-0.2800864577293396},"size":11.736076354980469,"orthographic":false}